id,name_pokeapi,name_key,type1,type2,hp,attack,defense,sp_attack,sp_defense,speed,height_dm,weight_hg,is_legendary,is_mythical,usage_ou,usage_ubers,usage_uu,usage_nu,bst,has_two_types,max_usage,formats_used_count,is_ou,best_tier
1,bulbasaur,bulbasaur,grass,poison,45,49,49,65,65,45,7,69,False,False,0.0,0.0,0.0,0.0,318,1,0.0,0,0,
2,ivysaur,ivysaur,grass,poison,60,62,63,80,80,60,10,130,False,False,0.0,0.0,0.0,0.0,405,1,0.0,0,0,
3,venusaur,venusaur,grass,poison,80,82,83,100,100,80,20,1000,False,False,0.0005416,0.0,0.0,0.0,525,1,0.0005416,1,1,gen4ou
4,charmander,charmander,fire,,39,52,43,60,50,65,6,85,False,False,0.0,0.0,0.0,0.0,309,0,0.0,0,0,
5,charmeleon,charmeleon,fire,,58,64,58,80,65,80,11,190,False,False,0.0,0.0,0.0,0.0,405,0,0.0,0,0,
6,charizard,charizard,fire,flying,78,84,78,109,85,100,17,905,False,False,0.0011215,0.0,0.0,0.0,534,1,0.0011215,1,1,gen4ou
7,squirtle,squirtle,water,,44,48,65,50,64,43,5,90,False,False,0.0,0.0,0.0,0.0,314,0,0.0,0,0,
8,wartortle,wartortle,water,,59,63,80,65,80,58,10,225,False,False,0.0,0.0,0.0,0.0,405,0,0.0,0,0,
9,blastoise,blastoise,water,,79,83,100,85,105,78,16,855,False,False,0.0027766999999999,0.0,0.0,0.0,530,0,0.0027766999999999,1,1,gen4ou
10,caterpie,caterpie,bug,,45,30,35,20,20,45,3,29,False,False,0.0,0.0,0.0,0.0,195,0,0.0,0,0,
11,metapod,metapod,bug,,50,20,55,25,25,30,7,99,False,False,0.0,0.0,0.0,0.0,205,0,0.0,0,0,
12,butterfree,butterfree,bug,flying,60,45,50,90,80,70,11,320,False,False,0.0,0.0,0.0,0.0,395,1,0.0,0,0,
13,weedle,weedle,bug,poison,40,35,30,20,20,50,3,32,False,False,0.0,0.0,0.0,0.0,195,1,0.0,0,0,
14,kakuna,kakuna,bug,poison,45,25,50,25,25,35,6,100,False,False,0.0,0.0,0.0,0.0,205,1,0.0,0,0,
15,beedrill,beedrill,bug,poison,65,90,40,45,80,75,10,295,False,False,0.0,0.0,0.0,0.0,395,1,0.0,0,0,
16,pidgey,pidgey,normal,flying,40,45,40,35,35,56,3,18,False,False,0.0,0.0,0.0,0.0,251,1,0.0,0,0,
17,pidgeotto,pidgeotto,normal,flying,63,60,55,50,50,71,11,300,False,False,0.0,0.0,0.0,0.0,349,1,0.0,0,0,
18,pidgeot,pidgeot,normal,flying,83,80,75,70,70,101,15,395,False,False,0.0,0.0,0.0,0.0,479,1,0.0,0,0,
19,rattata,rattata,normal,,30,56,35,25,35,72,3,35,False,False,0.0,0.0,0.0,0.0,253,0,0.0,0,0,
20,raticate,raticate,normal,,55,81,60,50,70,97,7,185,False,False,0.0,0.0,0.0,0.0,413,0,0.0,0,0,
21,spearow,spearow,normal,flying,40,60,30,31,31,70,3,20,False,False,0.0,0.0,0.0,0.0,262,1,0.0,0,0,
22,fearow,fearow,normal,flying,65,90,65,61,61,100,12,380,False,False,0.0,0.0,0.0,0.0,442,1,0.0,0,0,
23,ekans,ekans,poison,,35,60,44,40,54,55,20,69,False,False,0.0,0.0,0.0,0.0,288,0,0.0,0,0,
24,arbok,arbok,poison,,60,95,69,65,79,80,35,650,False,False,0.0,0.0,0.0,0.0,448,0,0.0,0,0,
25,pikachu,pikachu,electric,,35,55,40,50,50,90,4,60,False,False,0.0002775,0.0,0.0,0.0,320,0,0.0002775,1,1,gen4ou
26,raichu,raichu,electric,,60,90,55,90,80,110,8,300,False,False,0.0,0.0,0.0,0.0,485,0,0.0,0,0,
27,sandshrew,sandshrew,ground,,50,75,85,20,30,40,6,120,False,False,0.0,0.0,0.0,0.0,300,0,0.0,0,0,
28,sandslash,sandslash,ground,,75,100,110,45,55,65,10,295,False,False,0.0,0.0,0.0,0.0,450,0,0.0,0,0,
29,nidoran-f,nidoran-f,poison,,55,47,52,40,40,41,4,70,False,False,0.0,0.0,0.0,0.0,275,0,0.0,0,0,
30,nidorina,nidorina,poison,,70,62,67,55,55,56,8,200,False,False,0.0,0.0,0.0,0.0,365,0,0.0,0,0,
31,nidoqueen,nidoqueen,poison,ground,90,92,87,75,85,76,13,600,False,False,0.0410742,0.0,0.0,0.0,505,1,0.0410742,1,1,gen4ou
32,nidoran-m,nidoran-m,poison,,46,57,40,40,40,50,5,90,False,False,0.0,0.0,0.0,0.0,273,0,0.0,0,0,
33,nidorino,nidorino,poison,,61,72,57,55,55,65,9,195,False,False,0.0,0.0,0.0,0.0,365,0,0.0,0,0,
34,nidoking,nidoking,poison,ground,81,102,77,85,75,85,14,620,False,False,0.0003241,0.0,0.0,0.0,505,1,0.0003241,1,1,gen4ou
35,clefairy,clefairy,fairy,,70,45,48,60,65,35,6,75,False,False,0.0,0.0,0.0,0.0,323,0,0.0,0,0,
36,clefable,clefable,fairy,,95,70,73,95,90,60,13,400,False,False,0.1861346,0.0,0.0,0.0,483,0,0.1861346,1,1,gen4ou
37,vulpix,vulpix,fire,,38,41,40,50,65,65,6,99,False,False,0.0,0.0,0.0,0.0,299,0,0.0,0,0,
38,ninetales,ninetales,fire,,73,76,75,81,100,100,11,199,False,False,0.0,0.0,0.0,0.0,505,0,0.0,0,0,
39,jigglypuff,jigglypuff,normal,fairy,115,45,20,45,25,20,5,55,False,False,0.0,0.0,0.0,0.0,270,1,0.0,0,0,
40,wigglytuff,wigglytuff,normal,fairy,140,70,45,85,50,45,10,120,False,False,0.0,0.0,0.0,0.0,435,1,0.0,0,0,
41,zubat,zubat,poison,flying,40,45,35,30,40,55,8,75,False,False,0.0,0.0,0.0,0.0,245,1,0.0,0,0,
42,golbat,golbat,poison,flying,75,80,70,65,75,90,16,550,False,False,0.0,0.0,0.0,0.0,455,1,0.0,0,0,
43,oddish,oddish,grass,poison,45,50,55,75,65,30,5,54,False,False,0.0,0.0,0.0,0.0,320,1,0.0,0,0,
44,gloom,gloom,grass,poison,60,65,70,85,75,40,8,86,False,False,0.0,0.0,0.0,0.0,395,1,0.0,0,0,
45,vileplume,vileplume,grass,poison,75,80,85,110,90,50,12,186,False,False,0.0,0.0,0.0,0.0,490,1,0.0,0,0,
46,paras,paras,bug,grass,35,70,55,45,55,25,3,54,False,False,0.0,0.0,0.0,0.0,285,1,0.0,0,0,
47,parasect,parasect,bug,grass,60,95,80,60,80,30,10,295,False,False,0.0,0.0,0.0,0.0,405,1,0.0,0,0,
48,venonat,venonat,bug,poison,60,55,50,40,55,45,10,300,False,False,0.0,0.0,0.0,0.0,305,1,0.0,0,0,
49,venomoth,venomoth,bug,poison,70,65,60,90,75,90,15,125,False,False,0.0,0.0,0.0,0.0,450,1,0.0,0,0,
50,diglett,diglett,ground,,10,55,25,35,45,95,2,8,False,False,0.0,0.0,0.0,0.0,265,0,0.0,0,0,
51,dugtrio,dugtrio,ground,,35,100,50,50,70,120,7,333,False,False,0.0,0.0,0.0,0.0,425,0,0.0,0,0,
52,meowth,meowth,normal,,40,45,35,40,40,90,4,42,False,False,0.0,0.0,0.0,0.0,290,0,0.0,0,0,
53,persian,persian,normal,,65,70,60,65,65,115,10,320,False,False,0.0,0.0,0.0,0.0,440,0,0.0,0,0,
54,psyduck,psyduck,water,,50,52,48,65,50,55,8,196,False,False,0.0,0.0,0.0,0.0,320,0,0.0,0,0,
55,golduck,golduck,water,,80,82,78,95,80,85,17,766,False,False,0.0,0.0,0.0,0.0,500,0,0.0,0,0,
56,mankey,mankey,fighting,,40,80,35,35,45,70,5,280,False,False,0.0,0.0,0.0,0.0,305,0,0.0,0,0,
57,primeape,primeape,fighting,,65,105,60,60,70,95,10,320,False,False,0.0,0.0,0.0,0.0,455,0,0.0,0,0,
58,growlithe,growlithe,fire,,55,70,45,70,50,60,7,190,False,False,0.0,0.0,0.0,0.0,350,0,0.0,0,0,
59,arcanine,arcanine,fire,,90,110,80,100,80,95,19,1550,False,False,0.0005172,0.0,0.0,0.0,555,0,0.0005172,1,1,gen4ou
60,poliwag,poliwag,water,,40,50,40,40,40,90,6,124,False,False,0.0,0.0,0.0,0.0,300,0,0.0,0,0,
61,poliwhirl,poliwhirl,water,,65,65,65,50,50,90,10,200,False,False,0.0,0.0,0.0,0.0,385,0,0.0,0,0,
62,poliwrath,poliwrath,water,fighting,90,95,95,70,90,70,13,540,False,False,0.0,0.0,0.0,0.0,510,1,0.0,0,0,
63,abra,abra,psychic,,25,20,15,105,55,90,9,195,False,False,0.0,0.0,0.0,0.0,310,0,0.0,0,0,
64,kadabra,kadabra,psychic,,40,35,30,120,70,105,13,565,False,False,0.0,0.0,0.0,0.0,400,0,0.0,0,0,
65,alakazam,alakazam,psychic,,55,50,45,135,95,120,15,480,False,False,0.0007275,0.0,0.0,0.0,500,0,0.0007275,1,1,gen4ou
66,machop,machop,fighting,,70,80,50,35,35,35,8,195,False,False,0.0,0.0,0.0,0.0,305,0,0.0,0,0,
67,machoke,machoke,fighting,,80,100,70,50,60,45,15,705,False,False,0.0,0.0,0.0,0.0,405,0,0.0,0,0,
68,machamp,machamp,fighting,,90,130,80,65,85,55,16,1300,False,False,0.0,0.0,0.0,0.0,505,0,0.0,0,0,
69,bellsprout,bellsprout,grass,poison,50,75,35,70,30,40,7,40,False,False,0.0,0.0,0.0,0.0,300,1,0.0,0,0,
70,weepinbell,weepinbell,grass,poison,65,90,50,85,45,55,10,64,False,False,0.0,0.0,0.0,0.0,390,1,0.0,0,0,
71,victreebel,victreebel,grass,poison,80,105,65,100,70,70,17,155,False,False,0.0,0.0,0.0,0.0,490,1,0.0,0,0,
72,tentacool,tentacool,water,poison,40,40,35,50,100,70,9,455,False,False,0.0,0.0,0.0,0.0,335,1,0.0,0,0,
73,tentacruel,tentacruel,water,poison,80,70,65,80,120,100,16,550,False,False,0.0144969,0.0,0.0,0.0,515,1,0.0144969,1,1,gen4ou
74,geodude,geodude,rock,ground,40,80,100,30,30,20,4,200,False,False,0.0,0.0,0.0,0.0,300,1,0.0,0,0,
75,graveler,graveler,rock,ground,55,95,115,45,45,35,10,1050,False,False,0.0,0.0,0.0,0.0,390,1,0.0,0,0,
76,golem,golem,rock,ground,80,120,130,55,65,45,14,3000,False,False,0.0001387,0.0,0.0,0.0,495,1,0.0001387,1,1,gen4ou
77,ponyta,ponyta,fire,,50,85,55,65,65,90,10,300,False,False,0.0,0.0,0.0,0.0,410,0,0.0,0,0,
78,rapidash,rapidash,fire,,65,100,70,80,80,105,17,950,False,False,0.0001907,0.0,0.0,0.0,500,0,0.0001907,1,1,gen4ou
79,slowpoke,slowpoke,water,psychic,90,65,65,40,40,15,12,360,False,False,0.0,0.0,0.0,0.0,315,1,0.0,0,0,
80,slowbro,slowbro,water,psychic,95,75,110,100,80,30,16,785,False,False,0.0187459,0.0,0.0,0.0,490,1,0.0187459,1,1,gen4ou
81,magnemite,magnemite,electric,steel,25,35,70,95,55,45,3,60,False,False,0.0,0.0,0.0,0.0,325,1,0.0,0,0,
82,magneton,magneton,electric,steel,50,60,95,120,70,70,10,600,False,False,0.0775182,0.0,0.0,0.0,465,1,0.0775182,1,1,gen4ou
83,farfetchd,farfetchd,normal,flying,52,90,55,58,62,60,8,150,False,False,0.0,0.0,0.0,0.0,377,1,0.0,0,0,
84,doduo,doduo,normal,flying,35,85,45,35,35,75,14,392,False,False,0.0,0.0,0.0,0.0,310,1,0.0,0,0,
85,dodrio,dodrio,normal,flying,60,110,70,60,60,110,18,852,False,False,0.0,0.0,0.0,0.0,470,1,0.0,0,0,
86,seel,seel,water,,65,45,55,45,70,45,11,900,False,False,0.0,0.0,0.0,0.0,325,0,0.0,0,0,
87,dewgong,dewgong,water,ice,90,70,80,70,95,70,17,1200,False,False,0.0,0.0,0.0,0.0,475,1,0.0,0,0,
88,grimer,grimer,poison,,80,80,50,40,50,25,9,300,False,False,0.0,0.0,0.0,0.0,325,0,0.0,0,0,
89,muk,muk,poison,,105,105,75,65,100,50,12,300,False,False,0.000165,0.0,0.0,0.0,500,0,0.000165,1,1,gen4ou
90,shellder,shellder,water,,30,65,100,45,25,40,3,40,False,False,0.0,0.0,0.0,0.0,305,0,0.0,0,0,
91,cloyster,cloyster,water,ice,50,95,180,85,45,70,15,1325,False,False,0.0034183,0.0,0.0,0.0,525,1,0.0034183,1,1,gen4ou
92,gastly,gastly,ghost,poison,30,35,30,100,35,80,13,1,False,False,0.0,0.0,0.0,0.0,310,1,0.0,0,0,
93,haunter,haunter,ghost,poison,45,50,45,115,55,95,16,1,False,False,0.0,0.0,0.0,0.0,405,1,0.0,0,0,
94,gengar,gengar,ghost,poison,60,65,60,130,75,110,15,405,False,False,0.1149559,0.0,0.0,0.0,500,1,0.1149559,1,1,gen4ou
95,onix,onix,rock,ground,35,45,160,30,45,70,88,2100,False,False,0.0,0.0,0.0,0.0,385,1,0.0,0,0,
96,drowzee,drowzee,psychic,,60,48,45,43,90,42,10,324,False,False,0.0,0.0,0.0,0.0,328,0,0.0,0,0,
97,hypno,hypno,psychic,,85,73,70,73,115,67,16,756,False,False,0.0,0.0,0.0,0.0,483,0,0.0,0,0,
98,krabby,krabby,water,,30,105,90,25,25,50,4,65,False,False,0.0,0.0,0.0,0.0,325,0,0.0,0,0,
99,kingler,kingler,water,,55,130,115,50,50,75,13,600,False,False,0.0,0.0,0.0,0.0,475,0,0.0,0,0,
100,voltorb,voltorb,electric,,40,30,50,55,55,100,5,104,False,False,0.0,0.0,0.0,0.0,330,0,0.0,0,0,
101,electrode,electrode,electric,,60,50,70,80,80,150,12,666,False,False,0.0,0.0,0.0,0.0,490,0,0.0,0,0,
102,exeggcute,exeggcute,grass,psychic,60,40,80,60,45,40,4,25,False,False,0.0,0.0,0.0,0.0,325,1,0.0,0,0,
103,exeggutor,exeggutor,grass,psychic,95,95,85,125,75,55,20,1200,False,False,0.0,0.0,0.0,0.0,530,1,0.0,0,0,
104,cubone,cubone,ground,,50,50,95,40,50,35,4,65,False,False,0.0,0.0,0.0,0.0,320,0,0.0,0,0,
105,marowak,marowak,ground,,60,80,110,50,80,45,10,450,False,False,0.000277,0.0,0.0,0.0,425,0,0.000277,1,1,gen4ou
106,hitmonlee,hitmonlee,fighting,,50,120,53,35,110,87,15,498,False,False,0.0015606,0.0,0.0,0.0,455,0,0.0015606,1,1,gen4ou
107,hitmonchan,hitmonchan,fighting,,50,105,79,35,110,76,14,502,False,False,0.0001147,0.0,0.0,0.0,455,0,0.0001147,1,1,gen4ou
108,lickitung,lickitung,normal,,90,55,75,60,75,30,12,655,False,False,0.0,0.0,0.0,0.0,385,0,0.0,0,0,
109,koffing,koffing,poison,,40,65,95,60,45,35,6,10,False,False,0.0,0.0,0.0,0.0,340,0,0.0,0,0,
110,weezing,weezing,poison,,65,90,120,85,70,60,12,95,False,False,0.0,0.0,0.0,0.0,490,0,0.0,0,0,
111,rhyhorn,rhyhorn,ground,rock,80,85,95,30,30,25,10,1150,False,False,0.0,0.0,0.0,0.0,345,1,0.0,0,0,
112,rhydon,rhydon,ground,rock,105,130,120,45,45,40,19,1200,False,False,0.0,0.0,0.0,0.0,485,1,0.0,0,0,
113,chansey,chansey,normal,,250,5,5,35,105,50,11,346,False,False,0.0,0.0,0.0,0.0,450,0,0.0,0,0,
114,tangela,tangela,grass,,65,55,115,100,40,60,10,350,False,False,0.0,0.0,0.0,0.0,435,0,0.0,0,0,
115,kangaskhan,kangaskhan,normal,,105,95,80,40,80,90,22,800,False,False,0.0,0.0,0.0,0.0,490,0,0.0,0,0,
116,horsea,horsea,water,,30,40,70,70,25,60,4,80,False,False,0.0,0.0,0.0,0.0,295,0,0.0,0,0,
117,seadra,seadra,water,,55,65,95,95,45,85,12,250,False,False,0.0,0.0,0.0,0.0,440,0,0.0,0,0,
118,goldeen,goldeen,water,,45,67,60,35,50,63,6,150,False,False,0.0,0.0,0.0,0.0,320,0,0.0,0,0,
119,seaking,seaking,water,,80,92,65,65,80,68,13,390,False,False,0.0,0.0,0.0,0.0,450,0,0.0,0,0,
120,staryu,staryu,water,,30,45,55,70,55,85,8,345,False,False,0.0,0.0,0.0,0.0,340,0,0.0,0,0,
121,starmie,starmie,water,psychic,60,75,85,100,85,115,11,800,False,False,0.1924466,0.0,0.0,0.0,520,1,0.1924466,1,1,gen4ou
122,mr-mime,mr-mime,psychic,fairy,40,45,65,100,120,90,13,545,False,False,0.0,0.0,0.0,0.0,460,1,0.0,0,0,
123,scyther,scyther,bug,flying,70,110,80,55,80,105,15,560,False,False,0.0001181,0.0,0.0,0.0,500,1,0.0001181,1,1,gen4ou
124,jynx,jynx,ice,psychic,65,50,35,115,95,95,14,406,False,False,0.0,0.0,0.0,0.0,455,1,0.0,0,0,
125,electabuzz,electabuzz,electric,,65,83,57,95,85,105,11,300,False,False,0.0,0.0,0.0,0.0,490,0,0.0,0,0,
126,magmar,magmar,fire,,65,95,57,100,85,93,13,445,False,False,0.0,0.0,0.0,0.0,495,0,0.0,0,0,
127,pinsir,pinsir,bug,,65,125,100,55,70,85,15,550,False,False,0.0,0.0,0.0,0.0,500,0,0.0,0,0,
128,tauros,tauros,normal,,75,100,95,40,70,110,14,884,False,False,0.0003003,0.0,0.0,0.0,490,0,0.0003003,1,1,gen4ou
129,magikarp,magikarp,water,,20,10,55,15,20,80,9,100,False,False,0.0,0.0,0.0,0.0,200,0,0.0,0,0,
130,gyarados,gyarados,water,flying,95,125,79,60,100,81,65,2350,False,False,0.2126751,0.0,0.0,0.0,540,1,0.2126751,1,1,gen4ou
131,lapras,lapras,water,ice,130,85,80,85,95,60,25,2200,False,False,0.0001353,0.0,0.0,0.0,535,1,0.0001353,1,1,gen4ou
132,ditto,ditto,normal,,48,48,48,48,48,48,3,40,False,False,0.0,0.0,0.0,0.0,288,0,0.0,0,0,
133,eevee,eevee,normal,,55,55,50,45,65,55,3,65,False,False,0.0,0.0,0.0,0.0,325,0,0.0,0,0,
134,vaporeon,vaporeon,water,,130,65,60,110,95,65,10,290,False,False,0.0090505999999999,0.0,0.0,0.0,525,0,0.0090505999999999,1,1,gen4ou
135,jolteon,jolteon,electric,,65,65,60,110,95,130,8,245,False,False,0.0062746,0.0,0.0,0.0,525,0,0.0062746,1,1,gen4ou
136,flareon,flareon,fire,,65,130,60,95,110,65,9,250,False,False,0.0,0.0,0.0,0.0,525,0,0.0,0,0,
137,porygon,porygon,normal,,65,60,70,85,75,40,8,365,False,False,0.0,0.0,0.0,0.0,395,0,0.0,0,0,
138,omanyte,omanyte,rock,water,35,40,100,90,55,35,4,75,False,False,0.0,0.0,0.0,0.0,355,1,0.0,0,0,
139,omastar,omastar,rock,water,70,60,125,115,70,55,10,350,False,False,0.0011309,0.0,0.0,0.0,495,1,0.0011309,1,1,gen4ou
140,kabuto,kabuto,rock,water,30,80,90,55,45,55,5,115,False,False,0.0,0.0,0.0,0.0,355,1,0.0,0,0,
141,kabutops,kabutops,rock,water,60,115,105,65,70,80,13,405,False,False,0.0034387,0.0,0.0,0.0,495,1,0.0034387,1,1,gen4ou
142,aerodactyl,aerodactyl,rock,flying,80,105,65,60,75,130,18,590,False,False,0.0184704,0.0,0.0,0.0,515,1,0.0184704,1,1,gen4ou
143,snorlax,snorlax,normal,,160,110,65,65,110,30,21,4600,False,False,0.0029465999999999,0.0,0.0,0.0,540,0,0.0029465999999999,1,1,gen4ou
144,articuno,articuno,ice,flying,90,85,100,95,125,85,17,554,True,False,0.0,0.0,0.0,0.0,580,1,0.0,0,0,
145,zapdos,zapdos,electric,flying,90,90,85,125,90,100,16,526,True,False,0.1567320999999999,0.0,0.0,0.0,580,1,0.1567320999999999,1,1,gen4ou
146,moltres,moltres,fire,flying,90,100,90,125,85,90,20,600,True,False,0.0006603,0.0,0.0,0.0,580,1,0.0006603,1,1,gen4ou
147,dratini,dratini,dragon,,41,64,45,50,50,50,18,33,False,False,0.0,0.0,0.0,0.0,300,0,0.0,0,0,
148,dragonair,dragonair,dragon,,61,84,65,70,70,70,40,165,False,False,0.0,0.0,0.0,0.0,420,0,0.0,0,0,
149,dragonite,dragonite,dragon,flying,91,134,95,100,100,80,22,2100,False,False,0.1315804,0.0,0.0,0.0,600,1,0.1315804,1,1,gen4ou
150,mewtwo,mewtwo,psychic,,106,110,90,154,90,130,20,1220,True,False,0.0,0.0,0.0,0.0,680,0,0.0,0,0,
151,mew,mew,psychic,,100,100,100,100,100,100,4,40,False,True,0.0,0.0,0.0,0.0,600,0,0.0,0,0,
152,chikorita,chikorita,grass,,45,49,65,49,65,45,9,64,False,False,0.0,0.0,0.0,0.0,318,0,0.0,0,0,
153,bayleef,bayleef,grass,,60,62,80,63,80,60,12,158,False,False,0.0,0.0,0.0,0.0,405,0,0.0,0,0,
154,meganium,meganium,grass,,80,82,100,83,100,80,18,1005,False,False,0.0,0.0,0.0,0.0,525,0,0.0,0,0,
155,cyndaquil,cyndaquil,fire,,39,52,43,60,50,65,5,79,False,False,0.0,0.0,0.0,0.0,309,0,0.0,0,0,
156,quilava,quilava,fire,,58,64,58,80,65,80,9,190,False,False,0.0,0.0,0.0,0.0,405,0,0.0,0,0,
157,typhlosion,typhlosion,fire,,78,84,78,109,85,100,17,795,False,False,0.0,0.0,0.0,0.0,534,0,0.0,0,0,
158,totodile,totodile,water,,50,65,64,44,48,43,6,95,False,False,0.0,0.0,0.0,0.0,314,0,0.0,0,0,
159,croconaw,croconaw,water,,65,80,80,59,63,58,11,250,False,False,0.0,0.0,0.0,0.0,405,0,0.0,0,0,
160,feraligatr,feraligatr,water,,85,105,100,79,83,78,23,888,False,False,0.00503,0.0,0.0,0.0,530,0,0.00503,1,1,gen4ou
161,sentret,sentret,normal,,35,46,34,35,45,20,8,60,False,False,0.0,0.0,0.0,0.0,215,0,0.0,0,0,
162,furret,furret,normal,,85,76,64,45,55,90,18,325,False,False,0.0,0.0,0.0,0.0,415,0,0.0,0,0,
163,hoothoot,hoothoot,normal,flying,60,30,30,36,56,50,7,212,False,False,0.0,0.0,0.0,0.0,262,1,0.0,0,0,
164,noctowl,noctowl,normal,flying,100,50,50,86,96,70,16,408,False,False,0.0,0.0,0.0,0.0,452,1,0.0,0,0,
165,ledyba,ledyba,bug,flying,40,20,30,40,80,55,10,108,False,False,0.0,0.0,0.0,0.0,265,1,0.0,0,0,
166,ledian,ledian,bug,flying,55,35,50,55,110,85,14,356,False,False,0.0,0.0,0.0,0.0,390,1,0.0,0,0,
167,spinarak,spinarak,bug,poison,40,60,40,40,40,30,5,85,False,False,0.0,0.0,0.0,0.0,250,1,0.0,0,0,
168,ariados,ariados,bug,poison,70,90,70,60,70,40,11,335,False,False,0.0,0.0,0.0,0.0,400,1,0.0,0,0,
169,crobat,crobat,poison,flying,85,90,80,70,80,130,18,750,False,False,0.0018303,0.0,0.0,0.0,535,1,0.0018303,1,1,gen4ou
170,chinchou,chinchou,water,electric,75,38,38,56,56,67,5,120,False,False,0.0,0.0,0.0,0.0,330,1,0.0,0,0,
171,lanturn,lanturn,water,electric,125,58,58,76,76,67,12,225,False,False,0.0003565,0.0,0.0,0.0,460,1,0.0003565,1,1,gen4ou
172,pichu,pichu,electric,,20,40,15,35,35,60,3,20,False,False,0.0,0.0,0.0,0.0,205,0,0.0,0,0,
173,cleffa,cleffa,fairy,,50,25,28,45,55,15,3,30,False,False,0.0,0.0,0.0,0.0,218,0,0.0,0,0,
174,igglybuff,igglybuff,normal,fairy,90,30,15,40,20,15,3,10,False,False,0.0,0.0,0.0,0.0,210,1,0.0,0,0,
175,togepi,togepi,fairy,,35,20,65,40,65,20,3,15,False,False,0.0,0.0,0.0,0.0,245,0,0.0,0,0,
176,togetic,togetic,fairy,flying,55,40,85,80,105,40,6,32,False,False,0.0,0.0,0.0,0.0,405,1,0.0,0,0,
177,natu,natu,psychic,flying,40,50,45,70,45,70,2,20,False,False,0.0,0.0,0.0,0.0,320,1,0.0,0,0,
178,xatu,xatu,psychic,flying,65,75,70,95,70,95,15,150,False,False,0.0,0.0,0.0,0.0,470,1,0.0,0,0,
179,mareep,mareep,electric,,55,40,40,65,45,35,6,78,False,False,0.0,0.0,0.0,0.0,280,0,0.0,0,0,
180,flaaffy,flaaffy,electric,,70,55,55,80,60,45,8,133,False,False,0.0,0.0,0.0,0.0,365,0,0.0,0,0,
181,ampharos,ampharos,electric,,90,75,85,115,90,55,14,615,False,False,0.0,0.0,0.0,0.0,510,0,0.0,0,0,
182,bellossom,bellossom,grass,,75,80,95,90,100,50,4,58,False,False,0.0,0.0,0.0,0.0,490,0,0.0,0,0,
183,marill,marill,water,fairy,70,20,50,20,50,40,4,85,False,False,0.0,0.0,0.0,0.0,250,1,0.0,0,0,
184,azumarill,azumarill,water,fairy,100,50,80,60,80,50,8,285,False,False,0.0002759,0.0,0.0,0.0,420,1,0.0002759,1,1,gen4ou
185,sudowoodo,sudowoodo,rock,,70,100,115,30,65,30,12,380,False,False,0.0,0.0,0.0,0.0,410,0,0.0,0,0,
186,politoed,politoed,water,,90,75,75,90,100,70,11,339,False,False,0.0,0.0,0.0,0.0,500,0,0.0,0,0,
187,hoppip,hoppip,grass,flying,35,35,40,35,55,50,4,5,False,False,0.0,0.0,0.0,0.0,250,1,0.0,0,0,
188,skiploom,skiploom,grass,flying,55,45,50,45,65,80,6,10,False,False,0.0,0.0,0.0,0.0,340,1,0.0,0,0,
189,jumpluff,jumpluff,grass,flying,75,55,70,55,95,110,8,30,False,False,0.0,0.0,0.0,0.0,460,1,0.0,0,0,
190,aipom,aipom,normal,,55,70,55,40,55,85,8,115,False,False,0.0,0.0,0.0,0.0,360,0,0.0,0,0,
191,sunkern,sunkern,grass,,30,30,30,30,30,30,3,18,False,False,0.0,0.0,0.0,0.0,180,0,0.0,0,0,
192,sunflora,sunflora,grass,,75,75,55,105,85,30,8,85,False,False,0.0,0.0,0.0,0.0,425,0,0.0,0,0,
193,yanma,yanma,bug,flying,65,65,45,75,45,95,12,380,False,False,0.0,0.0,0.0,0.0,390,1,0.0,0,0,
194,wooper,wooper,water,ground,55,45,45,25,25,15,4,85,False,False,0.0,0.0,0.0,0.0,210,1,0.0,0,0,
195,quagsire,quagsire,water,ground,95,85,85,65,65,35,14,750,False,False,0.0301992,0.0,0.0,0.0,430,1,0.0301992,1,1,gen4ou
196,espeon,espeon,psychic,,65,65,60,130,95,110,9,265,False,False,0.0,0.0,0.0,0.0,525,0,0.0,0,0,
197,umbreon,umbreon,dark,,95,65,110,60,130,65,10,270,False,False,0.0002489,0.0,0.0,0.0,525,0,0.0002489,1,1,gen4ou
198,murkrow,murkrow,dark,flying,60,85,42,85,42,91,5,21,False,False,0.0,0.0,0.0,0.0,405,1,0.0,0,0,
199,slowking,slowking,water,psychic,95,75,80,100,110,30,20,795,False,False,0.0003173999999999,0.0,0.0,0.0,490,1,0.0003173999999999,1,1,gen4ou
200,misdreavus,misdreavus,ghost,,60,60,60,85,85,85,7,10,False,False,0.0,0.0,0.0,0.0,435,0,0.0,0,0,
201,unown,unown,psychic,,48,72,48,72,48,48,5,50,False,False,0.0,0.0,0.0,0.0,336,0,0.0,0,0,
202,wobbuffet,wobbuffet,psychic,,190,33,58,33,58,33,13,285,False,False,0.0,0.0,0.0,0.0,405,0,0.0,0,0,
203,girafarig,girafarig,normal,psychic,70,80,65,90,65,85,15,415,False,False,0.0,0.0,0.0,0.0,455,1,0.0,0,0,
204,pineco,pineco,bug,,50,65,90,35,35,15,6,72,False,False,0.0,0.0,0.0,0.0,290,0,0.0,0,0,
205,forretress,forretress,bug,steel,75,90,140,60,60,40,12,1258,False,False,0.0359393999999999,0.0,0.0,0.0,465,1,0.0359393999999999,1,1,gen4ou
206,dunsparce,dunsparce,normal,,100,70,70,65,65,45,15,140,False,False,0.0,0.0,0.0,0.0,415,0,0.0,0,0,
207,gligar,gligar,ground,flying,65,75,105,35,65,85,11,648,False,False,0.0,0.0,0.0,0.0,430,1,0.0,0,0,
208,steelix,steelix,steel,ground,75,85,200,55,65,30,92,4000,False,False,0.0065515999999999,0.0,0.0,0.0,510,1,0.0065515999999999,1,1,gen4ou
209,snubbull,snubbull,fairy,,60,80,50,40,40,30,6,78,False,False,0.0,0.0,0.0,0.0,300,0,0.0,0,0,
210,granbull,granbull,fairy,,90,120,75,60,60,45,14,487,False,False,0.000445,0.0,0.0,0.0,450,0,0.000445,1,1,gen4ou
211,qwilfish,qwilfish,water,poison,65,95,85,55,55,85,5,39,False,False,0.0061668,0.0,0.0,0.0,440,1,0.0061668,1,1,gen4ou
212,scizor,scizor,bug,steel,70,130,100,55,80,65,18,1180,False,False,0.1608564,0.0,0.0,0.0,500,1,0.1608564,1,1,gen4ou
213,shuckle,shuckle,bug,rock,20,10,230,10,230,5,6,205,False,False,0.0,0.0,0.0,0.0,505,1,0.0,0,0,
214,heracross,heracross,bug,fighting,80,125,75,40,95,85,15,540,False,False,0.0106878,0.0,0.0,0.0,500,1,0.0106878,1,1,gen4ou
215,sneasel,sneasel,dark,ice,55,95,55,35,75,115,9,280,False,False,0.0,0.0,0.0,0.0,430,1,0.0,0,0,
216,teddiursa,teddiursa,normal,,60,80,50,50,50,40,6,88,False,False,0.0,0.0,0.0,0.0,330,0,0.0,0,0,
217,ursaring,ursaring,normal,,90,130,75,75,75,55,18,1258,False,False,0.00041,0.0,0.0,0.0,500,0,0.00041,1,1,gen4ou
218,slugma,slugma,fire,,40,40,40,70,40,20,7,350,False,False,0.0,0.0,0.0,0.0,250,0,0.0,0,0,
219,magcargo,magcargo,fire,rock,60,50,120,90,80,30,8,550,False,False,0.0,0.0,0.0,0.0,430,1,0.0,0,0,
220,swinub,swinub,ice,ground,50,50,40,30,30,50,4,65,False,False,0.0,0.0,0.0,0.0,250,1,0.0,0,0,
221,piloswine,piloswine,ice,ground,100,100,80,60,60,50,11,558,False,False,0.0,0.0,0.0,0.0,450,1,0.0,0,0,
222,corsola,corsola,water,rock,65,55,95,65,95,35,6,50,False,False,0.0,0.0,0.0,0.0,410,1,0.0,0,0,
223,remoraid,remoraid,water,,35,65,35,65,35,65,6,120,False,False,0.0,0.0,0.0,0.0,300,0,0.0,0,0,
224,octillery,octillery,water,,75,105,75,105,75,45,9,285,False,False,0.0,0.0,0.0,0.0,480,0,0.0,0,0,
225,delibird,delibird,ice,flying,45,55,45,65,45,75,9,160,False,False,0.0,0.0,0.0,0.0,330,1,0.0,0,0,
226,mantine,mantine,water,flying,85,40,70,80,140,70,21,2200,False,False,0.0,0.0,0.0,0.0,485,1,0.0,0,0,
227,skarmory,skarmory,steel,flying,65,80,140,40,70,70,17,505,False,False,0.2352301,0.0,0.0,0.0,465,1,0.2352301,1,1,gen4ou
228,houndour,houndour,dark,fire,45,60,30,80,50,65,6,108,False,False,0.0,0.0,0.0,0.0,330,1,0.0,0,0,
229,houndoom,houndoom,dark,fire,75,90,50,110,80,95,14,350,False,False,0.0,0.0,0.0,0.0,500,1,0.0,0,0,
230,kingdra,kingdra,water,dragon,75,95,95,95,95,85,18,1520,False,False,0.0660794,0.0,0.0,0.0,540,1,0.0660794,1,1,gen4ou
231,phanpy,phanpy,ground,,90,60,60,40,40,40,5,335,False,False,0.0,0.0,0.0,0.0,330,0,0.0,0,0,
232,donphan,donphan,ground,,90,120,120,60,60,50,11,1200,False,False,0.1198405,0.0,0.0,0.0,500,0,0.1198405,1,1,gen4ou
233,porygon2,porygon2,normal,,85,80,90,105,95,60,6,325,False,False,0.0,0.0,0.0,0.0,515,0,0.0,0,0,
234,stantler,stantler,normal,,73,95,62,85,65,85,14,712,False,False,0.0,0.0,0.0,0.0,465,0,0.0,0,0,
235,smeargle,smeargle,normal,,55,20,35,20,45,75,12,580,False,False,0.0018506,0.0,0.0,0.0,250,0,0.0018506,1,1,gen4ou
236,tyrogue,tyrogue,fighting,,35,35,35,35,35,35,7,210,False,False,0.0,0.0,0.0,0.0,210,0,0.0,0,0,
237,hitmontop,hitmontop,fighting,,50,95,95,35,110,70,14,480,False,False,0.005263,0.0,0.0,0.0,455,0,0.005263,1,1,gen4ou
238,smoochum,smoochum,ice,psychic,45,30,15,85,65,65,4,60,False,False,0.0,0.0,0.0,0.0,305,1,0.0,0,0,
239,elekid,elekid,electric,,45,63,37,65,55,95,6,235,False,False,0.0,0.0,0.0,0.0,360,0,0.0,0,0,
240,magby,magby,fire,,45,75,37,70,55,83,7,214,False,False,0.0,0.0,0.0,0.0,365,0,0.0,0,0,
241,miltank,miltank,normal,,95,80,105,40,70,100,12,755,False,False,0.0002741,0.0,0.0,0.0,490,0,0.0002741,1,1,gen4ou
242,blissey,blissey,normal,,255,10,10,75,135,55,15,468,False,False,0.0582409999999999,0.0,0.0,0.0,540,0,0.0582409999999999,1,1,gen4ou
243,raikou,raikou,electric,,90,85,75,115,100,115,19,1780,True,False,0.0131929,0.0,0.0,0.0,580,0,0.0131929,1,1,gen4ou
244,entei,entei,fire,,115,115,85,90,75,100,21,1980,True,False,0.0,0.0,0.0,0.0,580,0,0.0,0,0,
245,suicune,suicune,water,,100,75,115,90,115,85,20,1870,True,False,0.0799887,0.0,0.0,0.0,580,0,0.0799887,1,1,gen4ou
246,larvitar,larvitar,rock,ground,50,64,50,45,50,41,6,720,False,False,0.0,0.0,0.0,0.0,300,1,0.0,0,0,
247,pupitar,pupitar,rock,ground,70,84,70,65,70,51,12,1520,False,False,0.0,0.0,0.0,0.0,410,1,0.0,0,0,
248,tyranitar,tyranitar,rock,dark,100,134,110,95,100,61,20,2020,False,False,0.4835745,0.0,0.0,0.0,600,1,0.4835745,1,1,gen4ou
249,lugia,lugia,psychic,flying,106,90,130,90,154,110,52,2160,True,False,0.0,0.0,0.0,0.0,680,1,0.0,0,0,
250,ho-oh,ho-oh,fire,flying,106,130,90,110,154,90,38,1990,True,False,0.0,0.0,0.0,0.0,680,1,0.0,0,0,
251,celebi,celebi,psychic,grass,100,100,100,100,100,100,6,50,False,True,0.0883021,0.0,0.0,0.0,600,1,0.0883021,1,1,gen4ou
252,treecko,treecko,grass,,40,45,35,65,55,70,5,50,False,False,0.0,0.0,0.0,0.0,310,0,0.0,0,0,
253,grovyle,grovyle,grass,,50,65,45,85,65,95,9,216,False,False,0.0,0.0,0.0,0.0,405,0,0.0,0,0,
254,sceptile,sceptile,grass,,70,85,65,105,85,120,17,522,False,False,0.0074922,0.0,0.0,0.0,530,0,0.0074922,1,1,gen4ou
255,torchic,torchic,fire,,45,60,40,70,50,45,4,25,False,False,0.0,0.0,0.0,0.0,310,0,0.0,0,0,
256,combusken,combusken,fire,fighting,60,85,60,85,60,55,9,195,False,False,0.0,0.0,0.0,0.0,405,1,0.0,0,0,
257,blaziken,blaziken,fire,fighting,80,120,70,110,70,80,19,520,False,False,0.0,0.0,0.0,0.0,530,1,0.0,0,0,
258,mudkip,mudkip,water,,50,70,50,50,50,40,4,76,False,False,0.0,0.0,0.0,0.0,310,0,0.0,0,0,
259,marshtomp,marshtomp,water,ground,70,85,70,60,70,50,7,280,False,False,0.0,0.0,0.0,0.0,405,1,0.0,0,0,
260,swampert,swampert,water,ground,100,110,90,85,90,60,15,819,False,False,0.1325038,0.0,0.0,0.0,535,1,0.1325038,1,1,gen4ou
261,poochyena,poochyena,dark,,35,55,35,30,30,35,5,136,False,False,0.0,0.0,0.0,0.0,220,0,0.0,0,0,
262,mightyena,mightyena,dark,,70,90,70,60,60,70,10,370,False,False,0.0,0.0,0.0,0.0,420,0,0.0,0,0,
263,zigzagoon,zigzagoon,normal,,38,30,41,30,41,60,4,175,False,False,0.0,0.0,0.0,0.0,240,0,0.0,0,0,
264,linoone,linoone,normal,,78,70,61,50,61,100,5,325,False,False,0.0,0.0,0.0,0.0,420,0,0.0,0,0,
265,wurmple,wurmple,bug,,45,45,35,20,30,20,3,36,False,False,0.0,0.0,0.0,0.0,195,0,0.0,0,0,
266,silcoon,silcoon,bug,,50,35,55,25,25,15,6,100,False,False,0.0,0.0,0.0,0.0,205,0,0.0,0,0,
267,beautifly,beautifly,bug,flying,60,70,50,100,50,65,10,284,False,False,0.0,0.0,0.0,0.0,395,1,0.0,0,0,
268,cascoon,cascoon,bug,,50,35,55,25,25,15,7,115,False,False,0.0,0.0,0.0,0.0,205,0,0.0,0,0,
269,dustox,dustox,bug,poison,60,50,70,50,90,65,12,316,False,False,0.0,0.0,0.0,0.0,385,1,0.0,0,0,
270,lotad,lotad,water,grass,40,30,30,40,50,30,5,26,False,False,0.0,0.0,0.0,0.0,220,1,0.0,0,0,
271,lombre,lombre,water,grass,60,50,50,60,70,50,12,325,False,False,0.0,0.0,0.0,0.0,340,1,0.0,0,0,
272,ludicolo,ludicolo,water,grass,80,70,70,90,100,70,15,550,False,False,0.0027559,0.0,0.0,0.0,480,1,0.0027559,1,1,gen4ou
273,seedot,seedot,grass,,40,40,50,30,30,30,5,40,False,False,0.0,0.0,0.0,0.0,220,0,0.0,0,0,
274,nuzleaf,nuzleaf,grass,dark,70,70,40,60,40,60,10,280,False,False,0.0,0.0,0.0,0.0,340,1,0.0,0,0,
275,shiftry,shiftry,grass,dark,90,100,60,90,60,80,13,596,False,False,0.0,0.0,0.0,0.0,480,1,0.0,0,0,
276,taillow,taillow,normal,flying,40,55,30,30,30,85,3,23,False,False,0.0,0.0,0.0,0.0,270,1,0.0,0,0,
277,swellow,swellow,normal,flying,60,85,60,75,50,125,7,198,False,False,0.0,0.0,0.0,0.0,455,1,0.0,0,0,
278,wingull,wingull,water,flying,40,30,30,55,30,85,6,95,False,False,0.0,0.0,0.0,0.0,270,1,0.0,0,0,
279,pelipper,pelipper,water,flying,60,50,100,95,70,65,12,280,False,False,0.0,0.0,0.0,0.0,440,1,0.0,0,0,
280,ralts,ralts,psychic,fairy,28,25,25,45,35,40,4,66,False,False,0.0,0.0,0.0,0.0,198,1,0.0,0,0,
281,kirlia,kirlia,psychic,fairy,38,35,35,65,55,50,8,202,False,False,0.0,0.0,0.0,0.0,278,1,0.0,0,0,
282,gardevoir,gardevoir,psychic,fairy,68,65,65,125,115,80,16,484,False,False,0.0009559,0.0,0.0,0.0,518,1,0.0009559,1,1,gen4ou
283,surskit,surskit,bug,water,40,30,32,50,52,65,5,17,False,False,0.0,0.0,0.0,0.0,269,1,0.0,0,0,
284,masquerain,masquerain,bug,flying,70,60,62,100,82,80,8,36,False,False,0.0,0.0,0.0,0.0,454,1,0.0,0,0,
285,shroomish,shroomish,grass,,60,40,60,40,60,35,4,45,False,False,0.0,0.0,0.0,0.0,295,0,0.0,0,0,
286,breloom,breloom,grass,fighting,60,130,80,60,60,70,12,392,False,False,0.1500352,0.0,0.0,0.0,460,1,0.1500352,1,1,gen4ou
287,slakoth,slakoth,normal,,60,60,60,35,35,30,8,240,False,False,0.0,0.0,0.0,0.0,280,0,0.0,0,0,
288,vigoroth,vigoroth,normal,,80,80,80,55,55,90,14,465,False,False,0.0,0.0,0.0,0.0,440,0,0.0,0,0,
289,slaking,slaking,normal,,150,160,100,95,65,100,20,1305,False,False,0.0002689,0.0,0.0,0.0,670,0,0.0002689,1,1,gen4ou
290,nincada,nincada,bug,ground,31,45,90,30,30,40,5,55,False,False,0.0,0.0,0.0,0.0,266,1,0.0,0,0,
291,ninjask,ninjask,bug,flying,61,90,45,50,50,160,8,120,False,False,0.0004532,0.0,0.0,0.0,456,1,0.0004532,1,1,gen4ou
292,shedinja,shedinja,bug,ghost,1,90,45,30,30,40,8,12,False,False,0.000111,0.0,0.0,0.0,236,1,0.000111,1,1,gen4ou
293,whismur,whismur,normal,,64,51,23,51,23,28,6,163,False,False,0.0,0.0,0.0,0.0,240,0,0.0,0,0,
294,loudred,loudred,normal,,84,71,43,71,43,48,10,405,False,False,0.0,0.0,0.0,0.0,360,0,0.0,0,0,
295,exploud,exploud,normal,,104,91,63,91,73,68,15,840,False,False,0.0,0.0,0.0,0.0,490,0,0.0,0,0,
296,makuhita,makuhita,fighting,,72,60,30,20,30,25,10,864,False,False,0.0,0.0,0.0,0.0,237,0,0.0,0,0,
297,hariyama,hariyama,fighting,,144,120,60,40,60,50,23,2538,False,False,0.0069596,0.0,0.0,0.0,474,0,0.0069596,1,1,gen4ou
298,azurill,azurill,normal,fairy,50,20,40,20,40,20,2,20,False,False,0.0,0.0,0.0,0.0,190,1,0.0,0,0,
299,nosepass,nosepass,rock,,30,45,135,45,90,30,10,970,False,False,0.0,0.0,0.0,0.0,375,0,0.0,0,0,
300,skitty,skitty,normal,,50,45,45,35,35,50,6,110,False,False,0.0,0.0,0.0,0.0,260,0,0.0,0,0,
301,delcatty,delcatty,normal,,70,65,65,55,55,90,11,326,False,False,0.0,0.0,0.0,0.0,400,0,0.0,0,0,
302,sableye,sableye,dark,ghost,50,75,75,65,65,50,5,110,False,False,0.0,0.0,0.0,0.0,380,1,0.0,0,0,
303,mawile,mawile,steel,fairy,50,85,85,55,55,50,6,115,False,False,0.0,0.0,0.0,0.0,380,1,0.0,0,0,
304,aron,aron,steel,rock,50,70,100,40,40,30,4,600,False,False,0.0,0.0,0.0,0.0,330,1,0.0,0,0,
305,lairon,lairon,steel,rock,60,90,140,50,50,40,9,1200,False,False,0.0,0.0,0.0,0.0,430,1,0.0,0,0,
306,aggron,aggron,steel,rock,70,110,180,60,60,50,21,3600,False,False,0.0005652,0.0,0.0,0.0,530,1,0.0005652,1,1,gen4ou
307,meditite,meditite,fighting,psychic,30,40,55,40,55,60,6,112,False,False,0.0,0.0,0.0,0.0,280,1,0.0,0,0,
308,medicham,medicham,fighting,psychic,60,60,75,60,75,80,13,315,False,False,0.0,0.0,0.0,0.0,410,1,0.0,0,0,
309,electrike,electrike,electric,,40,45,40,65,40,65,6,152,False,False,0.0,0.0,0.0,0.0,295,0,0.0,0,0,
310,manectric,manectric,electric,,70,75,60,105,60,105,15,402,False,False,0.0001976999999999,0.0,0.0,0.0,475,0,0.0001976999999999,1,1,gen4ou
311,plusle,plusle,electric,,60,50,40,85,75,95,4,42,False,False,0.0,0.0,0.0,0.0,405,0,0.0,0,0,
312,minun,minun,electric,,60,40,50,75,85,95,4,42,False,False,0.0,0.0,0.0,0.0,405,0,0.0,0,0,
313,volbeat,volbeat,bug,,65,73,75,47,85,85,7,177,False,False,0.0,0.0,0.0,0.0,430,0,0.0,0,0,
314,illumise,illumise,bug,,65,47,75,73,85,85,6,177,False,False,0.0,0.0,0.0,0.0,430,0,0.0,0,0,
315,roselia,roselia,grass,poison,50,60,45,100,80,65,3,20,False,False,0.0,0.0,0.0,0.0,400,1,0.0,0,0,
316,gulpin,gulpin,poison,,70,43,53,43,53,40,4,103,False,False,0.0,0.0,0.0,0.0,302,0,0.0,0,0,
317,swalot,swalot,poison,,100,73,83,73,83,55,17,800,False,False,0.0,0.0,0.0,0.0,467,0,0.0,0,0,
318,carvanha,carvanha,water,dark,45,90,20,65,20,65,8,208,False,False,0.0,0.0,0.0,0.0,305,1,0.0,0,0,
319,sharpedo,sharpedo,water,dark,70,120,40,95,40,95,18,888,False,False,0.0,0.0,0.0,0.0,460,1,0.0,0,0,
320,wailmer,wailmer,water,,130,70,35,70,35,60,20,1300,False,False,0.0,0.0,0.0,0.0,400,0,0.0,0,0,
321,wailord,wailord,water,,170,90,45,90,45,60,145,3980,False,False,0.0,0.0,0.0,0.0,500,0,0.0,0,0,
322,numel,numel,fire,ground,60,60,40,65,45,35,7,240,False,False,0.0,0.0,0.0,0.0,305,1,0.0,0,0,
323,camerupt,camerupt,fire,ground,70,100,70,105,75,40,19,2200,False,False,0.0036275,0.0,0.0,0.0,460,1,0.0036275,1,1,gen4ou
324,torkoal,torkoal,fire,,70,85,140,85,70,20,5,804,False,False,0.0,0.0,0.0,0.0,470,0,0.0,0,0,
325,spoink,spoink,psychic,,60,25,35,70,80,60,7,306,False,False,0.0,0.0,0.0,0.0,330,0,0.0,0,0,
326,grumpig,grumpig,psychic,,80,45,65,90,110,80,9,715,False,False,0.0,0.0,0.0,0.0,470,0,0.0,0,0,
327,spinda,spinda,normal,,60,60,60,60,60,60,11,50,False,False,0.0,0.0,0.0,0.0,360,0,0.0,0,0,
328,trapinch,trapinch,ground,,45,100,45,45,45,10,7,150,False,False,0.0,0.0,0.0,0.0,290,0,0.0,0,0,
329,vibrava,vibrava,ground,dragon,50,70,50,50,50,70,11,153,False,False,0.0,0.0,0.0,0.0,340,1,0.0,0,0,
330,flygon,flygon,ground,dragon,80,100,80,80,80,100,20,820,False,False,0.1684427,0.0,0.0,0.0,520,1,0.1684427,1,1,gen4ou
331,cacnea,cacnea,grass,,50,85,40,85,40,35,4,513,False,False,0.0,0.0,0.0,0.0,335,0,0.0,0,0,
332,cacturne,cacturne,grass,dark,70,115,60,115,60,55,13,774,False,False,0.0,0.0,0.0,0.0,475,1,0.0,0,0,
333,swablu,swablu,normal,flying,45,40,60,40,75,50,4,12,False,False,0.0,0.0,0.0,0.0,310,1,0.0,0,0,
334,altaria,altaria,dragon,flying,75,70,90,70,105,80,11,206,False,False,0.0,0.0,0.0,0.0,490,1,0.0,0,0,
335,zangoose,zangoose,normal,,73,115,60,60,60,90,13,403,False,False,0.0,0.0,0.0,0.0,458,0,0.0,0,0,
336,seviper,seviper,poison,,73,100,60,100,60,65,27,525,False,False,0.0,0.0,0.0,0.0,458,0,0.0,0,0,
337,lunatone,lunatone,rock,psychic,90,55,65,95,85,70,10,1680,False,False,0.0,0.0,0.0,0.0,460,1,0.0,0,0,
338,solrock,solrock,rock,psychic,90,95,85,55,65,70,12,1540,False,False,0.0,0.0,0.0,0.0,460,1,0.0,0,0,
339,barboach,barboach,water,ground,50,48,43,46,41,60,4,19,False,False,0.0,0.0,0.0,0.0,288,1,0.0,0,0,
340,whiscash,whiscash,water,ground,110,78,73,76,71,60,9,236,False,False,0.0,0.0,0.0,0.0,468,1,0.0,0,0,
341,corphish,corphish,water,,43,80,65,50,35,35,6,115,False,False,0.0,0.0,0.0,0.0,308,0,0.0,0,0,
342,crawdaunt,crawdaunt,water,dark,63,120,85,90,55,55,11,328,False,False,0.0,0.0,0.0,0.0,468,1,0.0,0,0,
343,baltoy,baltoy,ground,psychic,40,40,55,40,70,55,5,215,False,False,0.0,0.0,0.0,0.0,300,1,0.0,0,0,
344,claydol,claydol,ground,psychic,60,70,105,70,120,75,15,1080,False,False,0.0004397,0.0,0.0,0.0,500,1,0.0004397,1,1,gen4ou
345,lileep,lileep,rock,grass,66,41,77,61,87,23,10,238,False,False,0.0,0.0,0.0,0.0,355,1,0.0,0,0,
346,cradily,cradily,rock,grass,86,81,97,81,107,43,15,604,False,False,0.0026296,0.0,0.0,0.0,495,1,0.0026296,1,1,gen4ou
347,anorith,anorith,rock,bug,45,95,50,40,50,75,7,125,False,False,0.0,0.0,0.0,0.0,355,1,0.0,0,0,
348,armaldo,armaldo,rock,bug,75,125,100,70,80,45,15,682,False,False,0.0,0.0,0.0,0.0,495,1,0.0,0,0,
349,feebas,feebas,water,,20,15,20,10,55,80,6,74,False,False,0.0,0.0,0.0,0.0,200,0,0.0,0,0,
350,milotic,milotic,water,,95,60,79,100,125,81,62,1620,False,False,0.0167178,0.0,0.0,0.0,540,0,0.0167178,1,1,gen4ou
351,castform,castform,normal,,70,70,70,70,70,70,3,8,False,False,0.0,0.0,0.0,0.0,420,0,0.0,0,0,
352,kecleon,kecleon,normal,,60,90,70,60,120,40,10,220,False,False,0.0,0.0,0.0,0.0,440,0,0.0,0,0,
353,shuppet,shuppet,ghost,,44,75,35,63,33,45,6,23,False,False,0.0,0.0,0.0,0.0,295,0,0.0,0,0,
354,banette,banette,ghost,,64,115,65,83,63,65,11,125,False,False,0.0,0.0,0.0,0.0,455,0,0.0,0,0,
355,duskull,duskull,ghost,,20,40,90,30,90,25,8,150,False,False,0.0,0.0,0.0,0.0,295,0,0.0,0,0,
356,dusclops,dusclops,ghost,,40,70,130,60,130,25,16,306,False,False,0.0,0.0,0.0,0.0,455,0,0.0,0,0,
357,tropius,tropius,grass,flying,99,68,83,72,87,51,20,1000,False,False,0.0,0.0,0.0,0.0,460,1,0.0,0,0,
358,chimecho,chimecho,psychic,,75,50,80,95,90,65,6,10,False,False,0.0,0.0,0.0,0.0,455,0,0.0,0,0,
359,absol,absol,dark,,65,130,60,75,60,75,12,470,False,False,0.0003564,0.0,0.0,0.0,465,0,0.0003564,1,1,gen4ou
360,wynaut,wynaut,psychic,,95,23,48,23,48,23,6,140,False,False,0.0,0.0,0.0,0.0,260,0,0.0,0,0,
361,snorunt,snorunt,ice,,50,50,50,50,50,50,7,168,False,False,0.0,0.0,0.0,0.0,300,0,0.0,0,0,
362,glalie,glalie,ice,,80,80,80,80,80,80,15,2565,False,False,0.0,0.0,0.0,0.0,480,0,0.0,0,0,
363,spheal,spheal,ice,water,70,40,50,55,50,25,8,395,False,False,0.0,0.0,0.0,0.0,290,1,0.0,0,0,
364,sealeo,sealeo,ice,water,90,60,70,75,70,45,11,876,False,False,0.0,0.0,0.0,0.0,410,1,0.0,0,0,
365,walrein,walrein,ice,water,110,80,90,95,90,65,14,1506,False,False,0.0001637,0.0,0.0,0.0,530,1,0.0001637,1,1,gen4ou
366,clamperl,clamperl,water,,35,64,85,74,55,32,4,525,False,False,0.0,0.0,0.0,0.0,345,0,0.0,0,0,
367,huntail,huntail,water,,55,104,105,94,75,52,17,270,False,False,0.0,0.0,0.0,0.0,485,0,0.0,0,0,
368,gorebyss,gorebyss,water,,55,84,105,114,75,52,18,226,False,False,0.0002122999999999,0.0,0.0,0.0,485,0,0.0002122999999999,1,1,gen4ou
369,relicanth,relicanth,water,rock,100,90,130,45,65,55,10,234,False,False,0.0,0.0,0.0,0.0,485,1,0.0,0,0,
370,luvdisc,luvdisc,water,,43,30,55,40,65,97,6,87,False,False,0.0,0.0,0.0,0.0,330,0,0.0,0,0,
371,bagon,bagon,dragon,,45,75,60,40,30,50,6,421,False,False,0.0,0.0,0.0,0.0,300,0,0.0,0,0,
372,shelgon,shelgon,dragon,,65,95,100,60,50,50,11,1105,False,False,0.0,0.0,0.0,0.0,420,0,0.0,0,0,
373,salamence,salamence,dragon,flying,95,135,80,110,80,100,15,1026,False,False,0.0,0.0,0.0,0.0,600,1,0.0,0,0,
374,beldum,beldum,steel,psychic,40,55,80,35,60,30,6,952,False,False,0.0,0.0,0.0,0.0,300,1,0.0,0,0,
375,metang,metang,steel,psychic,60,75,100,55,80,50,12,2025,False,False,0.0,0.0,0.0,0.0,420,1,0.0,0,0,
376,metagross,metagross,steel,psychic,80,135,130,95,90,70,16,5500,False,False,0.1809066,0.0,0.0,0.0,600,1,0.1809066,1,1,gen4ou
377,regirock,regirock,rock,,80,100,200,50,100,50,17,2300,True,False,0.0015062,0.0,0.0,0.0,580,0,0.0015062,1,1,gen4ou
378,regice,regice,ice,,80,50,100,100,200,50,18,1750,True,False,0.0,0.0,0.0,0.0,580,0,0.0,0,0,
379,registeel,registeel,steel,,80,75,150,75,150,50,19,2050,True,False,0.0135522,0.0,0.0,0.0,580,0,0.0135522,1,1,gen4ou
380,latias,latias,dragon,psychic,80,80,90,110,130,110,14,400,True,False,0.5480128,0.0,0.0,0.0,600,1,0.5480128,1,1,gen4ou
381,latios,latios,dragon,psychic,80,90,80,130,110,110,20,600,True,False,0.0,0.0,0.0,0.0,600,1,0.0,0,0,
382,kyogre,kyogre,water,,100,100,90,150,140,90,45,3520,True,False,0.0,0.0,0.0,0.0,670,0,0.0,0,0,
383,groudon,groudon,ground,,100,150,140,100,90,90,35,9500,True,False,0.0,0.0,0.0,0.0,670,0,0.0,0,0,
384,rayquaza,rayquaza,dragon,flying,105,150,90,150,90,95,70,2065,True,False,0.0,0.0,0.0,0.0,680,1,0.0,0,0,
385,jirachi,jirachi,steel,psychic,100,100,100,100,100,100,3,11,False,True,0.4302144,0.0,0.0,0.0,600,1,0.4302144,1,1,gen4ou
386,deoxys-normal,deoxys-normal,psychic,,50,150,50,150,50,150,17,608,False,True,0.0,0.0,0.0,0.0,600,0,0.0,0,0,
387,turtwig,turtwig,grass,,55,68,64,45,55,31,4,102,False,False,0.0,0.0,0.0,0.0,318,0,0.0,0,0,
388,grotle,grotle,grass,,75,89,85,55,65,36,11,970,False,False,0.0,0.0,0.0,0.0,405,0,0.0,0,0,
389,torterra,torterra,grass,ground,95,109,105,75,85,56,22,3100,False,False,0.0001910999999999,0.0,0.0,0.0,525,1,0.0001910999999999,1,1,gen4ou
390,chimchar,chimchar,fire,,44,58,44,58,44,61,5,62,False,False,0.0,0.0,0.0,0.0,309,0,0.0,0,0,
391,monferno,monferno,fire,fighting,64,78,52,78,52,81,9,220,False,False,0.0,0.0,0.0,0.0,405,1,0.0,0,0,
392,infernape,infernape,fire,fighting,76,104,71,104,71,108,12,550,False,False,0.0951197,0.0,0.0,0.0,534,1,0.0951197,1,1,gen4ou
393,piplup,piplup,water,,53,51,53,61,56,40,4,52,False,False,0.0,0.0,0.0,0.0,314,0,0.0,0,0,
394,prinplup,prinplup,water,,64,66,68,81,76,50,8,230,False,False,0.0,0.0,0.0,0.0,405,0,0.0,0,0,
395,empoleon,empoleon,water,steel,84,86,88,111,101,60,17,845,False,False,0.1050248,0.0,0.0,0.0,530,1,0.1050248,1,1,gen4ou
396,starly,starly,normal,flying,40,55,30,30,30,60,3,20,False,False,0.0,0.0,0.0,0.0,245,1,0.0,0,0,
397,staravia,staravia,normal,flying,55,75,50,40,40,80,6,155,False,False,0.0,0.0,0.0,0.0,340,1,0.0,0,0,
398,staraptor,staraptor,normal,flying,85,120,70,50,60,100,12,249,False,False,0.0017136999999999,0.0,0.0,0.0,485,1,0.0017136999999999,1,1,gen4ou
399,bidoof,bidoof,normal,,59,45,40,35,40,31,5,200,False,False,0.0,0.0,0.0,0.0,250,0,0.0,0,0,
400,bibarel,bibarel,normal,water,79,85,60,55,60,71,10,315,False,False,0.0,0.0,0.0,0.0,410,1,0.0,0,0,
401,kricketot,kricketot,bug,,37,25,41,25,41,25,3,22,False,False,0.0,0.0,0.0,0.0,194,0,0.0,0,0,
402,kricketune,kricketune,bug,,77,85,51,55,51,65,10,255,False,False,0.0,0.0,0.0,0.0,384,0,0.0,0,0,
403,shinx,shinx,electric,,45,65,34,40,34,45,5,95,False,False,0.0,0.0,0.0,0.0,263,0,0.0,0,0,
404,luxio,luxio,electric,,60,85,49,60,49,60,9,305,False,False,0.0,0.0,0.0,0.0,363,0,0.0,0,0,
405,luxray,luxray,electric,,80,120,79,95,79,70,14,420,False,False,0.0,0.0,0.0,0.0,523,0,0.0,0,0,
406,budew,budew,grass,poison,40,30,35,50,70,55,2,12,False,False,0.0,0.0,0.0,0.0,280,1,0.0,0,0,
407,roserade,roserade,grass,poison,60,70,65,125,105,90,9,145,False,False,0.0639284,0.0,0.0,0.0,515,1,0.0639284,1,1,gen4ou
408,cranidos,cranidos,rock,,67,125,40,30,30,58,9,315,False,False,0.0,0.0,0.0,0.0,350,0,0.0,0,0,
409,rampardos,rampardos,rock,,97,165,60,65,50,58,16,1025,False,False,0.0001182,0.0,0.0,0.0,495,0,0.0001182,1,1,gen4ou
410,shieldon,shieldon,rock,steel,30,42,118,42,88,30,5,570,False,False,0.0,0.0,0.0,0.0,350,1,0.0,0,0,
411,bastiodon,bastiodon,rock,steel,60,52,168,47,138,30,13,1495,False,False,0.0,0.0,0.0,0.0,495,1,0.0,0,0,
412,burmy,burmy,bug,,40,29,45,29,45,36,2,34,False,False,0.0,0.0,0.0,0.0,224,0,0.0,0,0,
413,wormadam-plant,wormadam-plant,bug,grass,60,59,85,79,105,36,5,65,False,False,0.0,0.0,0.0,0.0,424,1,0.0,0,0,
414,mothim,mothim,bug,flying,70,94,50,94,50,66,9,233,False,False,0.0,0.0,0.0,0.0,424,1,0.0,0,0,
415,combee,combee,bug,flying,30,30,42,30,42,70,3,55,False,False,0.0,0.0,0.0,0.0,244,1,0.0,0,0,
416,vespiquen,vespiquen,bug,flying,70,80,102,80,102,40,12,385,False,False,0.0,0.0,0.0,0.0,474,1,0.0,0,0,
417,pachirisu,pachirisu,electric,,60,45,70,45,90,95,4,39,False,False,0.0,0.0,0.0,0.0,405,0,0.0,0,0,
418,buizel,buizel,water,,55,65,35,60,30,85,7,295,False,False,0.0,0.0,0.0,0.0,330,0,0.0,0,0,
419,floatzel,floatzel,water,,85,105,55,85,50,115,11,335,False,False,0.0002895,0.0,0.0,0.0,495,0,0.0002895,1,1,gen4ou
420,cherubi,cherubi,grass,,45,35,45,62,53,35,4,33,False,False,0.0,0.0,0.0,0.0,275,0,0.0,0,0,
421,cherrim,cherrim,grass,,70,60,70,87,78,85,5,93,False,False,0.0,0.0,0.0,0.0,450,0,0.0,0,0,
422,shellos,shellos,water,,76,48,48,57,62,34,3,63,False,False,0.0,0.0,0.0,0.0,325,0,0.0,0,0,
423,gastrodon,gastrodon,water,ground,111,83,68,92,82,39,9,299,False,False,0.0333642,0.0,0.0,0.0,475,1,0.0333642,1,1,gen4ou
424,ambipom,ambipom,normal,,75,100,66,60,66,115,12,203,False,False,0.0001248,0.0,0.0,0.0,482,0,0.0001248,1,1,gen4ou
425,drifloon,drifloon,ghost,flying,90,50,34,60,44,70,4,12,False,False,0.0,0.0,0.0,0.0,348,1,0.0,0,0,
426,drifblim,drifblim,ghost,flying,150,80,44,90,54,80,12,150,False,False,0.0,0.0,0.0,0.0,498,1,0.0,0,0,
427,buneary,buneary,normal,,55,66,44,44,56,85,4,55,False,False,0.0,0.0,0.0,0.0,350,0,0.0,0,0,
428,lopunny,lopunny,normal,,65,76,84,54,96,105,12,333,False,False,0.0005725999999999,0.0,0.0,0.0,480,0,0.0005725999999999,1,1,gen4ou
429,mismagius,mismagius,ghost,,60,60,60,105,105,105,9,44,False,False,0.0001973,0.0,0.0,0.0,495,0,0.0001973,1,1,gen4ou
430,honchkrow,honchkrow,dark,flying,100,125,52,105,52,71,9,273,False,False,0.0003281,0.0,0.0,0.0,505,1,0.0003281,1,1,gen4ou
431,glameow,glameow,normal,,49,55,42,42,37,85,5,39,False,False,0.0,0.0,0.0,0.0,310,0,0.0,0,0,
432,purugly,purugly,normal,,71,82,64,64,59,112,10,438,False,False,0.0,0.0,0.0,0.0,452,0,0.0,0,0,
433,chingling,chingling,psychic,,45,30,50,65,50,45,2,6,False,False,0.0,0.0,0.0,0.0,285,0,0.0,0,0,
434,stunky,stunky,poison,dark,63,63,47,41,41,74,4,192,False,False,0.0,0.0,0.0,0.0,329,1,0.0,0,0,
435,skuntank,skuntank,poison,dark,103,93,67,71,61,84,10,380,False,False,0.0,0.0,0.0,0.0,479,1,0.0,0,0,
436,bronzor,bronzor,steel,psychic,57,24,86,24,86,23,5,605,False,False,0.0,0.0,0.0,0.0,300,1,0.0,0,0,
437,bronzong,bronzong,steel,psychic,67,89,116,79,116,33,13,1870,False,False,0.1516237,0.0,0.0,0.0,500,1,0.1516237,1,1,gen4ou
438,bonsly,bonsly,rock,,50,80,95,10,45,10,5,150,False,False,0.0,0.0,0.0,0.0,290,0,0.0,0,0,
439,mime-jr,mime-jr,psychic,fairy,20,25,45,70,90,60,6,130,False,False,0.0,0.0,0.0,0.0,310,1,0.0,0,0,
440,happiny,happiny,normal,,100,5,5,15,65,30,6,244,False,False,0.0,0.0,0.0,0.0,220,0,0.0,0,0,
441,chatot,chatot,normal,flying,76,65,45,92,42,91,5,19,False,False,0.0,0.0,0.0,0.0,411,1,0.0,0,0,
442,spiritomb,spiritomb,ghost,dark,50,92,108,92,108,35,10,1080,False,False,0.008137,0.0,0.0,0.0,485,1,0.008137,1,1,gen4ou
443,gible,gible,dragon,ground,58,70,45,40,45,42,7,205,False,False,0.0,0.0,0.0,0.0,300,1,0.0,0,0,
444,gabite,gabite,dragon,ground,68,90,65,50,55,82,14,560,False,False,0.0,0.0,0.0,0.0,410,1,0.0,0,0,
445,garchomp,garchomp,dragon,ground,108,130,95,80,85,102,19,950,False,False,0.0,0.0,0.0,0.0,600,1,0.0,0,0,
446,munchlax,munchlax,normal,,135,85,40,40,85,5,6,1050,False,False,0.0,0.0,0.0,0.0,390,0,0.0,0,0,
447,riolu,riolu,fighting,,40,70,40,35,40,60,7,202,False,False,0.0,0.0,0.0,0.0,285,0,0.0,0,0,
448,lucario,lucario,fighting,steel,70,110,70,115,70,90,12,540,False,False,0.1246215,0.0,0.0,0.0,525,1,0.1246215,1,1,gen4ou
449,hippopotas,hippopotas,ground,,68,72,78,38,42,32,8,495,False,False,0.0,0.0,0.0,0.0,330,0,0.0,0,0,
450,hippowdon,hippowdon,ground,,108,112,118,68,72,47,20,3000,False,False,0.0932431,0.0,0.0,0.0,525,0,0.0932431,1,1,gen4ou
451,skorupi,skorupi,poison,bug,40,50,90,30,55,65,8,120,False,False,0.0,0.0,0.0,0.0,330,1,0.0,0,0,
452,drapion,drapion,poison,dark,70,90,110,60,75,95,13,615,False,False,0.0002319,0.0,0.0,0.0,500,1,0.0002319,1,1,gen4ou
453,croagunk,croagunk,poison,fighting,48,61,40,61,40,50,7,230,False,False,0.0,0.0,0.0,0.0,300,1,0.0,0,0,
454,toxicroak,toxicroak,poison,fighting,83,106,65,86,65,85,13,444,False,False,0.0032044,0.0,0.0,0.0,490,1,0.0032044,1,1,gen4ou
455,carnivine,carnivine,grass,,74,100,72,90,72,46,14,270,False,False,0.0,0.0,0.0,0.0,454,0,0.0,0,0,
456,finneon,finneon,water,,49,49,56,49,61,66,4,70,False,False,0.0,0.0,0.0,0.0,330,0,0.0,0,0,
457,lumineon,lumineon,water,,69,69,76,69,86,91,12,240,False,False,0.0,0.0,0.0,0.0,460,0,0.0,0,0,
458,mantyke,mantyke,water,flying,45,20,50,60,120,50,10,650,False,False,0.0,0.0,0.0,0.0,345,1,0.0,0,0,
459,snover,snover,grass,ice,60,62,50,62,60,40,10,505,False,False,0.0,0.0,0.0,0.0,334,1,0.0,0,0,
460,abomasnow,abomasnow,grass,ice,90,92,75,92,85,60,22,1355,False,False,0.017719,0.0,0.0,0.0,494,1,0.017719,1,1,gen4ou
461,weavile,weavile,dark,ice,70,120,65,45,85,125,11,340,False,False,0.0165317,0.0,0.0,0.0,510,1,0.0165317,1,1,gen4ou
462,magnezone,magnezone,electric,steel,70,70,115,130,90,60,12,1800,False,False,0.1263158999999999,0.0,0.0,0.0,535,1,0.1263158999999999,1,1,gen4ou
463,lickilicky,lickilicky,normal,,110,85,95,80,95,50,17,1400,False,False,0.0,0.0,0.0,0.0,515,0,0.0,0,0,
464,rhyperior,rhyperior,ground,rock,115,140,130,55,55,40,24,2828,False,False,0.0439797999999999,0.0,0.0,0.0,535,1,0.0439797999999999,1,1,gen4ou
465,tangrowth,tangrowth,grass,,100,100,125,110,50,50,20,1286,False,False,0.0004935,0.0,0.0,0.0,535,0,0.0004935,1,1,gen4ou
466,electivire,electivire,electric,,75,123,67,95,85,95,18,1386,False,False,0.0182343999999999,0.0,0.0,0.0,540,0,0.0182343999999999,1,1,gen4ou
467,magmortar,magmortar,fire,,75,95,67,125,95,83,16,680,False,False,0.0,0.0,0.0,0.0,540,0,0.0,0,0,
468,togekiss,togekiss,fairy,flying,85,50,95,120,115,80,15,380,False,False,0.0238499,0.0,0.0,0.0,545,1,0.0238499,1,1,gen4ou
469,yanmega,yanmega,bug,flying,86,76,86,116,56,95,19,515,False,False,0.0002097999999999,0.0,0.0,0.0,515,1,0.0002097999999999,1,1,gen4ou
470,leafeon,leafeon,grass,,65,110,130,60,65,95,10,255,False,False,0.0,0.0,0.0,0.0,525,0,0.0,0,0,
471,glaceon,glaceon,ice,,65,60,110,130,95,65,8,259,False,False,0.0,0.0,0.0,0.0,525,0,0.0,0,0,
472,gliscor,gliscor,ground,flying,75,95,125,45,75,95,20,425,False,False,0.0704235,0.0,0.0,0.0,510,1,0.0704235,1,1,gen4ou
473,mamoswine,mamoswine,ice,ground,110,130,80,70,60,80,25,2910,False,False,0.0127755,0.0,0.0,0.0,530,1,0.0127755,1,1,gen4ou
474,porygon-z,porygon-z,normal,,85,80,70,135,75,90,9,340,False,False,0.0006293,0.0,0.0,0.0,535,0,0.0006293,1,1,gen4ou
475,gallade,gallade,psychic,fighting,68,125,65,65,115,80,16,520,False,False,0.0016875,0.0,0.0,0.0,518,1,0.0016875,1,1,gen4ou
476,probopass,probopass,rock,steel,60,55,145,75,150,40,14,3400,False,False,0.0020707,0.0,0.0,0.0,525,1,0.0020707,1,1,gen4ou
477,dusknoir,dusknoir,ghost,,45,100,135,65,135,45,22,1066,False,False,0.0021167,0.0,0.0,0.0,525,0,0.0021167,1,1,gen4ou
478,froslass,froslass,ice,ghost,70,80,70,80,70,110,13,266,False,False,0.0,0.0,0.0,0.0,480,1,0.0,0,0,
479,rotom,rotom,electric,ghost,50,50,77,95,77,91,3,3,False,False,0.0,0.0,0.0,0.0,440,1,0.0,0,0,
480,uxie,uxie,psychic,,75,75,130,75,130,95,3,3,True,False,0.0159383,0.0,0.0,0.0,580,0,0.0159383,1,1,gen4ou
481,mesprit,mesprit,psychic,,80,105,105,105,105,80,3,3,True,False,0.0006342,0.0,0.0,0.0,580,0,0.0006342,1,1,gen4ou
482,azelf,azelf,psychic,,75,125,70,125,70,115,3,3,True,False,0.0782688,0.0,0.0,0.0,580,0,0.0782688,1,1,gen4ou
483,dialga,dialga,steel,dragon,100,120,120,150,100,90,54,6830,True,False,0.0,0.0,0.0,0.0,680,1,0.0,0,0,
484,palkia,palkia,water,dragon,90,120,100,150,120,100,42,3360,True,False,0.0,0.0,0.0,0.0,680,1,0.0,0,0,
485,heatran,heatran,fire,steel,91,90,106,130,106,77,17,4300,True,False,0.2787222,0.0,0.0,0.0,600,1,0.2787222,1,1,gen4ou
486,regigigas,regigigas,normal,,110,160,110,80,110,100,37,4200,True,False,0.0001431999999999,0.0,0.0,0.0,670,0,0.0001431999999999,1,1,gen4ou
487,giratina-altered,giratina-altered,ghost,dragon,150,100,120,100,120,90,45,7500,True,False,0.0,0.0,0.0,0.0,680,1,0.0,0,0,
488,cresselia,cresselia,psychic,,120,70,110,75,120,85,15,856,True,False,0.0102736999999999,0.0,0.0,0.0,580,0,0.0102736999999999,1,1,gen4ou
489,phione,phione,water,,80,80,80,80,80,80,4,31,False,True,0.0,0.0,0.0,0.0,480,0,0.0,0,0,
490,manaphy,manaphy,water,,100,100,100,100,100,100,3,14,False,True,0.0,0.0,0.0,0.0,600,0,0.0,0,0,
491,darkrai,darkrai,dark,,70,90,90,135,90,125,15,505,False,True,0.0,0.0,0.0,0.0,600,0,0.0,0,0,
492,shaymin-land,shaymin-land,grass,,100,100,100,100,100,100,2,21,False,True,0.0,0.0,0.0,0.0,600,0,0.0,0,0,
493,arceus,arceus,normal,,120,120,120,120,120,120,32,3200,False,True,0.0,0.0,0.0,0.0,720,0,0.0,0,0,
